Publication,Title,Link,Date Published
BBC News,'Big mistake' for South Korea to arm Ukraine - Putin,https://www.bbc.com/news/articles/c1ee8x221lno,2024-06-21T05:15:32+00:00
BBC News,Gaza's broken water system crippling children with sickness,https://www.bbc.com/news/articles/cd119dz515wo,2024-06-21T05:00:13+00:00
BBC News,"North Korea building border ‘wall’, satellite images reveal",https://www.bbc.com/news/articles/c2qq7x594vqo,2024-06-20T23:59:34+00:00
BBC News,Actor Donald Sutherland dies aged 88,https://www.bbc.com/news/articles/c9rrvdq3g9zo,2024-06-21T05:45:53+00:00
BBC News,Trump campaign gets $50m boost from single donor,https://www.bbc.com/news/articles/ce448zzwp2go,2024-06-21T01:28:50+00:00
BBC News,Chimpanzees ‘self-medicate’ with healing plants,https://www.bbc.com/news/articles/ce994dv9q4eo,2024-06-20T23:59:17+00:00
BBC News,Egyptian pilgrims 'totally abandoned' in Hajj heat,https://www.bbc.com/news/articles/cxrrzp479r4o,2024-06-20T19:14:14+00:00
BBC News,Firm fined for selling China-made cars as Italian,https://www.bbc.com/news/articles/ckrrxj5mvkgo,2024-06-21T04:48:39+00:00
BBC News,South China Sea tensions force US and Beijing to talk more,https://www.bbc.com/news/articles/cqvvxzv24pqo,2024-06-20T15:59:29+00:00
BBC News,US airline suspends staff after black men kicked off flight,https://www.bbc.com/news/articles/c722ejmvlwno,2024-06-20T21:43:48+00:00
BBC News,Microsoft back as most valuable firm as Nvidia slips,https://www.bbc.com/news/articles/c8884389l35o,2024-06-21T00:06:36+00:00
BBC News,US bans Kaspersky software for alleged Russian links,https://www.bbc.com/news/articles/ceqq7663wd2o,2024-06-20T23:17:45+00:00
BBC News,Some Dali crew to leave after months on ship in Baltimore,https://www.bbc.com/news/articles/czvvze44egqo,2024-06-20T18:08:17+00:00
BBC News,Global alert issued over fake Ozempic drugs - WHO,https://www.bbc.com/news/articles/cn00dkw9479o,2024-06-20T16:26:33+00:00
BBC News,Serbia threaten to quit Euro 2024 over chants,https://www.bbc.com/sport/football/articles/cd110nzxwvko,2024-06-20T15:08:26+00:00
BBC News,Watch: Donald Sutherland on a career that defied convention,https://www.bbc.com/news/videos/ce99r52vqwpo,2024-06-20T17:50:26+00:00
BBC News,Watch: Chinese coast guard clashes with Filipino navy,https://www.bbc.com/news/videos/cd1142k45j7o,2024-06-20T11:12:46+00:00
BBC News,Macron's hometown voters look set to shun the president,https://www.bbc.com/news/articles/cy77z0xjvjjo,2024-06-21T05:00:51+00:00
BBC News,From villains to lovers - Donald Sutherland played them all,https://www.bbc.co.uk/news/entertainment-arts-52070783,2024-06-20T17:26:56+00:00
BBC News,The awkward questions behind Hungary's football revival,https://www.bbc.com/sport/football/articles/cekk4zp5rg8o,2024-06-20T21:40:57+00:00
BBC News,Attack on army base fuels Burkina Faso mutiny rumours,https://www.bbc.com/news/articles/cyddl1p938eo,2024-06-20T22:44:51+00:00
BBC News,When is the first debate between Biden and Trump?,https://www.bbc.com/news/articles/cekke335z9ko,2024-06-20T21:59:33+00:00
BBC News,Monkeys got along better after hurricane - study,https://www.bbc.com/news/articles/cxxx3e8y5plo,2024-06-20T18:07:48+00:00
BBC News,Excessive heat hits countries around the world,https://www.bbc.com/news/articles/cjeexy2x3xro,2024-06-20T11:42:09+00:00
NYT > World News,Middle East Crisis: White House and Netanyahu Spar Over His Complaints About U.S. Support,https://www.nytimes.com/live/2024/06/20/world/israel-gaza-war-hamas,2024-06-21T02:25:02+00:00
NYT > World News,When the Only Escape From War in Gaza Is to Buy a Way Out,https://www.nytimes.com/2024/06/20/world/middleeast/palestinians-gaza-gofundme-egypt.html,2024-06-20T14:03:05+00:00
NYT > World News,Russia and North Korea’s Defense Pact Is a Told-You-So Moment in Asia,https://www.nytimes.com/2024/06/20/world/asia/russia-korea-defense-asia.html,2024-06-20T18:53:21+00:00
NYT > World News,Attack of Jewish Girl Spurs Tensions Over Antisemitism in France,https://www.nytimes.com/2024/06/20/world/europe/french-election-antisemitism-jews.html,2024-06-20T21:11:58+00:00
NYT > World News,3 Takeaways From Putin’s Trip to Vietnam,https://www.nytimes.com/2024/06/20/world/asia/takeaways-putin-vietnam-visit.html,2024-06-20T19:24:55+00:00
NYT > World News,Russia and North Korea’s Defense Pact Is a New Headache for China,https://www.nytimes.com/2024/06/20/world/asia/china-russia-north-korea.html,2024-06-20T09:59:52+00:00
NYT > World News,Seafaring Nomads Settle Down Without Quite Embracing Life on Land,https://www.nytimes.com/2024/06/20/world/asia/indonesia-bajo-bajau-sea-nomads.html,2024-06-20T17:20:55+00:00
NYT > World News,"Who Is Ibrahim al-Organi, Accused of Charging Palestinians to Escape Gaza?",https://www.nytimes.com/2024/06/20/world/middleeast/egypt-tycoon-hala-palestinians-gaza.html,2024-06-21T05:48:33+00:00
NYT > World News,Will Copa América Be Messi’s Last Time Representing Argentina in Soccer?,https://www.nytimes.com/2024/06/20/world/americas/messi-copa-america-argentina-soccer.html,2024-06-20T20:16:09+00:00
NYT > World News,Beluga Whales Are Rescued From Ukrainian War Zone to New Home in Spain,https://www.nytimes.com/2024/06/19/world/europe/kharkiv-ukraine-beluga-whales-spain.html,2024-06-20T10:45:02+00:00
NYT > World News,Putin Once Tried to Curb North Korea’s Nuclear Program. That’s Now Over.,https://www.nytimes.com/2024/06/19/us/politics/putin-kim-russia-nuclear.html,2024-06-20T08:25:22+00:00
NYT > World News,How to Transport a Giant Valuable Artwork in Australia,https://www.nytimes.com/2024/06/21/world/australia/how-to-transport-a-giant-valuable-artwork-in-australia.html,2024-06-21T06:00:01+00:00
NYT > World News,Friday Briefing,https://www.nytimes.com/2024/06/21/briefing/russia-north-korea-arms.html,2024-06-21T04:02:49+00:00
NYT > World News,Japan Makes It Very Hard to Be Sterilized. These Women Demand Change.,https://www.nytimes.com/2024/06/21/world/asia/japan-women-sterilization.html,2024-06-21T04:01:11+00:00
NYT > World News,How Britain’s Labour Party Became Electable Again,https://www.nytimes.com/2024/06/21/world/europe/britain-center-labour-party.html,2024-06-21T05:40:01+00:00
NYT > World News,Amazon Says It Will Stop Using Plastic Pillows in Shipments,https://www.nytimes.com/2024/06/20/climate/amazon-plastic-shipping-pillows.html,2024-06-20T21:49:52+00:00
NYT > World News,Friday Briefing: Vladimir Putin Visits Vietnam,https://www.nytimes.com/2024/06/20/world/asia/putin-vietnam-israel-gaza-asia.html,2024-06-20T21:00:05+00:00
NYT > World News,"Putin Threatens to Arm North Korea, Escalating Tension With West Over Ukraine",https://www.nytimes.com/2024/06/20/world/asia/putin-north-korea-weapons.html,2024-06-20T21:57:20+00:00
NYT > World News,Monkeys in Puerto Rico Got Nicer After Hurricane Maria,https://www.nytimes.com/2024/06/20/climate/macaques-monkeys-hurricane-maria.html,2024-06-20T18:37:57+00:00
NYT > World News,Butterflies Are in Decline. New Research Points to Insecticides.,https://www.nytimes.com/2024/06/20/climate/butterfly-declines-insecticides-monarch.html,2024-06-20T18:00:09+00:00
NYT > World News,Climate Protesters Arrested After Spraying Stonehenge With Orange Paint,https://www.nytimes.com/2024/06/20/world/europe/stonehenge-just-stop-oil-solstice.html,2024-06-20T21:05:07+00:00
Yahoo News - Latest News & Headlines,"Taiwan Lawmakers Vote to Expand Their Powers, Defying President",https://www.yahoo.com/news/taiwan-lawmakers-vote-expand-powers-041856142.html,2024-06-21T04:18:56+00:00
Yahoo News - Latest News & Headlines,South Korea Fires Warning Shots After Third Border Breach by North’s Troops,https://www.yahoo.com/news/south-korea-fires-warning-shots-032543766.html,2024-06-21T03:25:43+00:00
Yahoo News - Latest News & Headlines,"China’s EV Makers Got $231 Billion Aid Over 15 Years, Study Says",https://www.yahoo.com/news/china-ev-makers-got-231-013944713.html,2024-06-21T01:39:44+00:00
Yahoo News - Latest News & Headlines,UK Consumer Confidence Rises to Pre-Cost of Living Crisis Level,https://www.yahoo.com/news/uk-consumer-confidence-rises-pre-230100150.html,2024-06-20T23:01:00+00:00
Yahoo News - Latest News & Headlines,Starmer’s Labour Eyes UK Planning Reform Blitz Within Weeks,https://www.yahoo.com/news/starmer-labour-eyes-blitz-uk-153026543.html,2024-06-20T21:42:01+00:00
Yahoo News - Latest News & Headlines,"Darfur sees an increase in much needed food aid, but it’s still not enough to avert famine, UN says",https://www.yahoo.com/news/darfur-sees-increase-much-needed-211511869.html,2024-06-20T21:15:11+00:00
Yahoo News - Latest News & Headlines,South Sudan's vice president expresses concern over ongoing peace talks,https://www.yahoo.com/news/south-sudans-vice-president-expresses-204839164.html,2024-06-20T20:48:39+00:00
Yahoo News - Latest News & Headlines,A Muslim mob in Pakistan torches a police station and lynches a man after accusing him of blasphemy,https://www.yahoo.com/news/muslim-mob-pakistan-torches-police-202549149.html,2024-06-20T20:25:49+00:00
Yahoo News - Latest News & Headlines,Kenya Moore Hit with Five-Figure Tax Bill Weeks Before Alleged Suspension,https://www.yahoo.com/entertainment/kenya-moore-hit-five-figure-193923969.html,2024-06-20T19:39:23+00:00
Yahoo News - Latest News & Headlines,Colombia Congress Approves $17.6 Billion Rise in Debt Ceiling,https://www.yahoo.com/news/colombia-congress-approves-17-6-193248986.html,2024-06-20T19:32:48+00:00
Yahoo News - Latest News & Headlines,Media Independence at Risk as Slovak Cabinet Tightens Grip,https://www.yahoo.com/news/media-independence-risk-slovak-cabinet-191021967.html,2024-06-20T19:10:21+00:00
Yahoo News - Latest News & Headlines,Putin warns South Korea against arms deliveries to Ukraine,https://www.yahoo.com/news/putin-warns-south-korea-against-190054608.html,2024-06-20T19:00:54+00:00
Yahoo News - Latest News & Headlines,"A strike threat at WestJet is over, for now. Mechanics will resume talks with the Canadian airline",https://www.yahoo.com/news/strike-threat-westjet-over-now-185506818.html,2024-06-20T18:55:06+00:00
Yahoo News - Latest News & Headlines,Two beluga whales evacuated from Ukraine arrive in Spain,https://www.yahoo.com/news/two-beluga-whales-evacuated-ukraine-150842365.html,2024-06-20T18:47:55+00:00
Yahoo News - Latest News & Headlines,Satellite images capture Russia's Black Sea Fleet running from its base in Crimea as Ukraine hit it with missiles and exploding drones,https://www.yahoo.com/news/satellite-images-capture-russias-black-182118560.html,2024-06-20T18:21:18+00:00
Yahoo News - Latest News & Headlines,"Ukraine Anti-Graft Chief Summoned to Parliament, Fails to Show",https://www.yahoo.com/news/ukraine-anti-graft-chief-summoned-181501319.html,2024-06-20T18:15:01+00:00
Yahoo News - Latest News & Headlines,"Peace must be a priority, say Catholic leaders on anniversary of priests' violent deaths in Mexico",https://www.yahoo.com/news/peace-must-priority-catholic-leaders-175802295.html,2024-06-20T17:58:02+00:00
Yahoo News - Latest News & Headlines,Putin Says Russia May Send North Korea High-Precision Arms,https://www.yahoo.com/news/putin-says-russia-may-send-174739300.html,2024-06-20T17:47:39+00:00
Yahoo News - Latest News & Headlines,Venezuela Opposition Spurns Pact to Recognize July Vote Results,https://www.yahoo.com/news/venezuela-opposition-spurns-pact-recognize-170708781.html,2024-06-20T17:07:08+00:00
Yahoo News - Latest News & Headlines,Scientists discover world’s oldest wine containing man’s ashes,https://www.yahoo.com/news/scientists-discover-world-oldest-wine-164425931.html,2024-06-20T16:44:25+00:00
Yahoo News - Latest News & Headlines,"As France reels from the rape of a Jewish girl, antisemitism comes to the fore in election campaign",https://www.yahoo.com/news/france-reels-rape-jewish-girl-164137388.html,2024-06-20T16:41:37+00:00
Yahoo News - Latest News & Headlines,"Fourth Person Arrested in Connection to Murders of Callum Robinson, Jake Robinson, and Jack Carter Rhoad",https://www.yahoo.com/lifestyle/fourth-person-arrested-connection-murders-164044278.html,2024-06-20T16:40:44+00:00
Yahoo News - Latest News & Headlines,Lebanese officials work to maintain friendly relations with Cyprus following Hezbollah threats,https://www.yahoo.com/news/lebanese-officials-maintain-friendly-relations-163332146.html,2024-06-20T16:33:32+00:00
Yahoo News - Latest News & Headlines,UN poll says 80% of people want governments to do more on climate,https://www.yahoo.com/news/un-poll-says-80-people-163121259.html,2024-06-20T16:31:21+00:00
Yahoo News - Latest News & Headlines,South African MP suspended for racist language,https://www.yahoo.com/news/south-africa-mp-suspended-racist-084355742.html,2024-06-20T16:12:25+00:00
Yahoo News - Latest News & Headlines,EU hits Russia with sanctions targeting LNG for the first time,https://finance.yahoo.com/news/eu-hits-russia-sanctions-targeting-160624262.html,2024-06-20T16:06:24+00:00
Yahoo News - Latest News & Headlines,Russia and North Korea sign mutual defense pact,https://www.yahoo.com/news/russia-north-korea-sign-mutual-155903305.html,2024-06-20T15:59:03+00:00
Yahoo News - Latest News & Headlines,Thousands in Kenya demonstrate against proposed new taxes,https://www.yahoo.com/news/thousands-kenya-demonstrate-against-proposed-155813845.html,2024-06-20T15:58:13+00:00
Yahoo News - Latest News & Headlines,Nine more bodies found off southern Italy after migrant boat wreck,https://www.yahoo.com/news/nine-more-bodies-found-off-155520635.html,2024-06-20T15:55:20+00:00
Yahoo News - Latest News & Headlines,Indian opposition leader Arvind Kejriwal granted bail after arrest in bribery case,https://www.yahoo.com/news/indian-opposition-leader-arvind-kejriwal-155405408.html,2024-06-20T15:54:05+00:00
Yahoo News - Latest News & Headlines,Police battle anti-tax demonstrators as Kenya protests spread,https://www.yahoo.com/news/police-battle-anti-tax-demonstrators-133101024.html,2024-06-20T15:53:12+00:00
Yahoo News - Latest News & Headlines,Kenyan Lawmakers Double Down on Taxes Despite Street Protests,https://www.yahoo.com/news/kenya-protesters-push-ruto-extra-064202787.html,2024-06-20T15:50:29+00:00
Yahoo News - Latest News & Headlines,"EU Debt Rules Can Only Work With Political Support, IMF Says",https://www.yahoo.com/news/eu-debt-rules-only-political-141500730.html,2024-06-20T15:50:03+00:00
Yahoo News - Latest News & Headlines,Carter Center to Send a Team to Observe Venezuelan Election,https://www.yahoo.com/news/carter-center-send-team-observe-212938936.html,2024-06-20T15:45:14+00:00
Yahoo News - Latest News & Headlines,Indian Opposition Leader Released on Bail After Weeks in Custody,https://www.yahoo.com/news/indian-opposition-leader-released-bail-153539452.html,2024-06-20T15:35:39+00:00
Yahoo News - Latest News & Headlines,German state leaders urge 'concrete' third-country asylum plan,https://www.yahoo.com/news/german-state-leaders-urge-concrete-152420853.html,2024-06-20T15:24:20+00:00
Yahoo News - Latest News & Headlines,New reports point to slight turnaround in Germany's economy,https://finance.yahoo.com/news/reports-point-slight-turnaround-germanys-152111909.html,2024-06-20T15:21:11+00:00
Yahoo News - Latest News & Headlines,Macron’s Party Makes Slight Gain in French Election Poll,https://www.yahoo.com/news/macron-party-makes-slight-gain-150214208.html,2024-06-20T15:02:14+00:00
Yahoo News - Latest News & Headlines,Modi’s New Government Confronts Protests Over India Exam,https://www.yahoo.com/news/modi-government-confronts-protests-over-144742936.html,2024-06-20T14:47:42+00:00
Yahoo News - Latest News & Headlines,German minister: Third-country asylum deals won't be a 'game changer',https://www.yahoo.com/news/german-minister-third-country-asylum-140228823.html,2024-06-20T14:02:28+00:00
Yahoo News - Latest News & Headlines,"Heat wave claims lives of at least 125 in Mexico this year, hitting country's most vulnerable",https://www.yahoo.com/news/heat-wave-claims-lives-least-135845934.html,2024-06-20T13:58:45+00:00
Yahoo News - Latest News & Headlines,China protests over EU move to hike tariffs on Chinese electric vehicles,https://www.yahoo.com/news/china-protests-over-eu-move-134247394.html,2024-06-20T13:42:47+00:00
Yahoo News - Latest News & Headlines,Germany Bolsters Military Expansion With €2.9 Billion Tank Order,https://www.yahoo.com/news/germany-bolsters-military-expansion-2-133519108.html,2024-06-20T13:35:19+00:00
Yahoo News - Latest News & Headlines,"German minister says deal close for deporting Afghans, Syrians",https://www.yahoo.com/news/german-minister-says-deal-close-133502108.html,2024-06-20T13:35:02+00:00
Yahoo News - Latest News & Headlines,French prime minister seeks to step out from Macron's shadow in the upcoming early election,https://www.yahoo.com/news/french-prime-minister-seeks-step-133129379.html,2024-06-20T13:31:29+00:00
Yahoo News - Latest News & Headlines,South Africa’s Ramaphosa Begins Consultations on New Cabinet,https://www.yahoo.com/news/south-africa-ramaphosa-begins-consultations-132518004.html,2024-06-20T13:25:18+00:00
Yahoo News - Latest News & Headlines,What is ‘Seahenge’? Bronze Age worshipers may have used the structure to try to extend the summer,https://www.yahoo.com/news/seahenge-bronze-age-worshipers-may-130000037.html,2024-06-20T13:00:00+00:00
Yahoo News - Latest News & Headlines,"EU announces new sanctions on Russia, targeting gas for the first time",https://www.yahoo.com/news/eu-announces-sanctions-russia-targeting-125833165.html,2024-06-20T12:58:33+00:00
Yahoo News - Latest News & Headlines,Eskom Wins South African Appeal to Keep Five Polluting Power Plants Open,https://www.yahoo.com/news/eskom-wins-south-african-appeal-125235618.html,2024-06-20T12:52:35+00:00
Yahoo News - Latest News & Headlines,Sacramento’s Camp Nefesh hosts refugee children during World Refugee Day,https://www.yahoo.com/news/camp-nefesh-hosts-refugee-children-120000832.html,2024-06-20T12:00:00+00:00
"World News Headlines, Latest International News, World Breaking News - Times of India",Explainer: Why Trump's new promise on US green card is a good news for Indian students,https://timesofindia.indiatimes.com/business/india-business/boost-for-indian-students-donald-trump-promises-us-green-card-for-foreign-graduates/articleshow/111155818.cms,2024-06-21T09:58:35+05:30
"World News Headlines, Latest International News, World Breaking News - Times of India",South Korea fires warning shots to repel 3rd intrusion attempt by North Korean troops,https://timesofindia.indiatimes.com/world/rest-of-world/south-korea-fires-warning-shots-to-repel-3rd-intrusion-attempt-by-north-korean-troops/articleshow/111154391.cms,2024-06-21T09:21:18+05:30
"World News Headlines, Latest International News, World Breaking News - Times of India","Ecuador, country of 18m, hit by nationwide blackout",https://timesofindia.indiatimes.com/world/rest-of-world/ecuador-country-of-18m-hit-by-nationwide-blackout/articleshow/111151506.cms,2024-06-21T04:50:10+05:30
"World News Headlines, Latest International News, World Breaking News - Times of India",Louisiana schools told to display Ten Commandments in all classrooms,https://timesofindia.indiatimes.com/world/us/louisiana-schools-told-to-display-ten-commandments-in-all-classrooms/articleshow/111151434.cms,2024-06-21T04:48:31+05:30
"World News Headlines, Latest International News, World Breaking News - Times of India","'Global warming makes killer heat in Mexico, US 35 times more likely'",https://timesofindia.indiatimes.com/world/us/global-warming-makes-killer-heat-in-mexico-us-35-times-more-likely/articleshow/111151351.cms,2024-06-21T04:46:33+05:30
"World News Headlines, Latest International News, World Breaking News - Times of India","In Vietnam, Putin seeks new 'security architecture' for Asia",https://timesofindia.indiatimes.com/world/rest-of-world/in-vietnam-putin-seeks-new-security-architecture-for-asia/articleshow/111151266.cms,2024-06-21T04:44:37+05:30
"World News Headlines, Latest International News, World Breaking News - Times of India",Russia mulling lowering nukes use threshold? Putin doesn't rule it out,https://timesofindia.indiatimes.com/world/rest-of-world/russia-mulling-lowering-nukes-use-threshold-putin-doesnt-rule-it-out/articleshow/111151189.cms,2024-06-21T04:42:50+05:30
"World News Headlines, Latest International News, World Breaking News - Times of India",Rift between Israel's military & govt over plan for postwar Gaza spills out into open,https://timesofindia.indiatimes.com/world/middle-east/rift-between-israels-military-govt-over-plan-for-postwar-gaza-spills-out-into-open/articleshow/111150944.cms,2024-06-21T04:37:06+05:30
"World News Headlines, Latest International News, World Breaking News - Times of India",It's too hot! Deadly heatwaves scorch cities on 4 continents,https://timesofindia.indiatimes.com/world/rest-of-world/its-too-hot-deadly-heatwaves-scorch-cities-on-4-continents/articleshow/111150803.cms,2024-06-21T04:33:29+05:30
"World News Headlines, Latest International News, World Breaking News - Times of India","Chinese sailors wield knives, axe in disputed sea clash with Philippines",https://timesofindia.indiatimes.com/world/china/chinese-sailors-wield-knives-axe-in-disputed-sea-clash-with-philippines/articleshow/111150625.cms,2024-06-21T04:28:57+05:30
"World News Headlines, Latest International News, World Breaking News - Times of India","Donald Sutherland, whose career spanned 'M.A.S.H.' to 'Hunger Games', dies",https://timesofindia.indiatimes.com/world/us/donald-sutherland-whose-career-spanned-m-a-s-h-to-hunger-games-dies/articleshow/111150499.cms,2024-06-21T04:25:38+05:30
"World News Headlines, Latest International News, World Breaking News - Times of India",Climate activists target UK airfield they say is used by Taylor Swift's jet,https://timesofindia.indiatimes.com/world/uk/climate-activists-target-uk-airfield-they-say-is-used-by-taylor-swifts-jet/articleshow/111150215.cms,2024-06-21T04:19:37+05:30
"World News Headlines, Latest International News, World Breaking News - Times of India",US Supreme Court upholds Trump-era tax rule on foreign income,https://timesofindia.indiatimes.com/world/us/us-supreme-court-upholds-trump-era-tax-rule-on-foreign-income-over-challenge-backed-by-business-interests/articleshow/111146781.cms,2024-06-21T03:11:00+05:30
"World News Headlines, Latest International News, World Breaking News - Times of India","As France reels from rape of a Jewish girl, antisemitism comes to fore",https://timesofindia.indiatimes.com/world/europe/as-france-reels-from-the-rape-of-a-jewish-girl-antisemitism-comes-to-the-fore-in-election-campaign/articleshow/111149297.cms,2024-06-21T04:02:27+05:30
"World News Headlines, Latest International News, World Breaking News - Times of India",Philanthropist Melinda French Gates voices support for Biden in US election,https://timesofindia.indiatimes.com/world/us/philanthropist-melinda-french-gates-voices-support-for-biden-in-us-election/articleshow/111148655.cms,2024-06-21T03:03:42+05:30
"World News Headlines, Latest International News, World Breaking News - Times of India",Ohio man demanded Jeep before stabbing a couple,https://timesofindia.indiatimes.com/world/us/ohio-man-demanded-jeep-before-stabbing-a-couple/articleshow/111148401.cms,2024-06-21T02:31:47+05:30
"World News Headlines, Latest International News, World Breaking News - Times of India",Nasa's James Webb Space Telescope captures stunning supernova explosion,https://timesofindia.indiatimes.com/home/science/nasas-james-webb-space-telescope-captures-stunning-supernova-explosion/articleshow/111145800.cms,2024-06-20T21:06:49+05:30
"World News Headlines, Latest International News, World Breaking News - Times of India","World’s oldest wine, containing man's ashes, discovered in Spain",https://timesofindia.indiatimes.com/world/europe/worlds-oldest-wine-containing-mans-ashes-discovered-in-spain/articleshow/111145640.cms,2024-06-20T20:53:11+05:30
"World News Headlines, Latest International News, World Breaking News - Times of India",Could China’s Fire Dragon missiles sink US warships?,https://timesofindia.indiatimes.com/world/china/could-chinas-fire-dragon-missiles-sink-us-warships/articleshow/111145548.cms,2024-06-20T20:44:25+05:30
"World News Headlines, Latest International News, World Breaking News - Times of India","Planning a visit? Beware, as tourists keep disappearing in Greece",https://timesofindia.indiatimes.com/world/europe/explainer-why-tourists-keep-disappearing-in-greece/articleshow/111145274.cms,2024-06-20T20:25:20+05:30
